tweet,label
gw aja skrg ngerasa kek nyesel kenapa dulu setelah lulus sekolah ga ke jepang aja minta modalin dibanding kuliah yg ternyata huhuhu stres berat. walaupun kerja udh pasti stres tapi kan setidaknya punya duit,1
kuliah STRESSS tapi setidaknya abis ini stres di luar negeri,0
kalo lagi stres kuliah gini emang pengennya punya special someone sih... pengen didengerin diajak keliling kota dipukpuk disemangatin dikasih sayang.. allahuakbar,0
Ini yg sekali selama kuliah aja rasanya stres bgt INI LG TIAP SEMESTER,0
Tugas kuliah bikin stres? Inrush siap jadi penyelamat! WA di bio!   Pidato Makalah PKM Proposal Jurnal PPT Poster Jawab Soal Komik Puisi Halaman Gambar Legal Opinion Esai Daftar Isi Dafpus Hukum Artikel Inrush,1
SEDIH,0
gue spill. emang kuliah seru pas keterima doang abis itu stres sampe skripsian. kelar skripsi wisuda nah itu seneng lagi tuh sehari. abis itu makin stres mikir lulusan s1 susah bgt buset nyari kerjaan. selamat ovt. sekian,1
libur kuliah aku bosen bgt yaa kaya cicak kering dirumah mulu pls aku stres pengen berkegiatan yg banyak‍️‍️,0
belajar dikit aja biar otak ngga kena hp mulu tp banyakin main juga soalnya siap stres pas kuliah,0
Amin ya allah,0
Bismillah yaaa marii kita usahakan ketemu junghwan itu,0
jeno ndekem mulu nih mahasiswa smt tua lagi stres kuliah kah?,0
Lingkaran setan di kuliah adalah siklus berulang di mana masalah memperburuk dirinya sendiri. Contohnya tekanan akademik menyebabkan stres yang menurunkan prestasi lalu meningkatkan tekanan lagi. Kurang tidur akibat beban tugas juga memicu stres dan performa buruk. Media,1
Sehat sehat anak plat K yang kuliah di semarang udah kena rob terus tadi dapat info kalo besok demo odol stres beratt gueee,1
sumpaa.. aku sangat stres kuliah and then melihat literli adik mungilku yang main roblox pas dia kelas 5 sd dan Ak kuliah tertarik dengan game ini HEAL MY STRESFUL CAMPUS ERA BANGETS awalnya si noob inj cuma main dress to impress xixix sekarang suda juragan gag dll,0
Iya sama wehh semuanya erro nih,0
Nih link streaming transtv kenapa sih bjirr gue ampe bolak balik ke beberapa web cok tp tetap gak bisa lagi asik²td pas yellow ehh bjirr tiba²erro emosi aing,0
WOE KENAPA,0
Xixixi sama²kak skrnag udh mulai lgi trejo nih,0
aiwkaowkiak pads main gag smua,0
Oalahh ini kamu sama kaya aku waktu 2022 cuma bedanya aku dipindahkan pas udh msk ke dlm wehh,0
efek samping kuliah dihantam 180 sks dan stres menjelang semester tua:,0
KAKK ditunggu fancam wali nya,0
Kok bisa kak?,0
Bneran desek dong tuh standing,0
Haa? sumpah skripsi emang bikin stres tapi kalo lo kerjain pake usaha sendiri ada kebangaan tersendiri loh. Uang sama waktu yg lo pake untuk kuliah jadi ada hasilnya beda kalo pake ai malah keliatan males sama bloon,1
org² yg suka ngeluh kuliah cape kuliah stres kuliah susah tapi kerjaan kelompok aja ga dikerjain tuh gmn sih konsepnya? capenya tuh darimana? ngapain aja?,0
lagi stres parah waktu itu jadi kurang waspada... jatuh dari ts kayaknya waktu pulang dari kampus sebelum cuti kuliah. udah lama banget,0
JUAL JASA️ Ketik/edit skripsi makalah laporan essay Transkrip audio/video Desain feed IG sertif poster Bisa cepet rapi dan pasti suka! Kamu tinggal fokus kuliah dan semua kerjaan beres tanpa stres! : 0882006674416,1
jdi masih ada waktu buat belajar!!! pls serius belajar kayy!!!,0
YA ALLAH MAKASIH BANYAK YA ALLAH MAKSIH MAKSIH MAKASIH SERIBU MAKASIH SOCA NYA DI UNDUR,0
Ya Allah stres nya tapi nek kuliah kok yo mangan ati terus,0
Kalo kuliah trus ngerasa capek &amp; stres artinya kamu lagi mendaki. Kalo seneng2 doang yg dirasa baru harus hati2 - pakSus,1
stres bgt gua anjir belajar tg homo dkk INI IDE SIAPA SII KULIAH DI HARI LIBUR,0
Tugas kuliah bikin stres? MyProgress siap membantu! ‍️‍️ Akuntansi manajemen ekonomi atau statistik? Butuh bantuan Eviews/SPSS artikel makalah atau jurnal? Kami siap untuk semua! Hubungi  melalui DM atau WA (link di bio)!,1
demi apapun aku ga ikhlas kalo jalannya dia mulus dan gampang bgt buat lanjut kuliah aku hrs nangis² smpe stres grgr serba di persulit eh dia kagak gd ya bgtuan gd yg lakuin dosa hg berdua ko yg susah aku tok aku ikhlas dia lancar asal aku jg lancar.,0
tolong suruh gue belajar pls gais marahin gue suruh gue bljr sknrg jg,0
ikuttt mau jg pls gaada temen mabar,0
buset depok pagi dah hujan aja padahal smalem hujan gede bgt trs lama jir,0
adalah aing,0
ya bagus bgt blm belajar apa tpi masih nyantai bgt tuh siapa gue tanya,0
Ada hal yg aku pelajari ketika jd IRT (setelah sblmnya jd pekerja yg nyambi kuliah karyawan). Ternyata secapek2 nya kerja dr jam 7-5 sore trs malem dilanjut kuliah sampe jam 10 itu jauuuuh lebih mending drpd skrg stres jadi IRT. Lebih cpet burn out lebih cpet ketrigger,1
aku kalo liat di tiktok tuh org org kaya pada stres kuliah gitu. sdgkan pacar kakak aku kuliah keliatan kaya yg lancar dan engga stres...,0
WKWKW u no brain?,0
hidup ini,0
banyak kak aku gatau awalnya kenapa tapi dia sering ngerendahin anak mandiri ngerendahin kampus juga terus dia juga pernah ngelecehin orang di twt,1
sebenernya bukan cuma masalah keuangan konsumen tapi gimana kita pandai-pandai beli barang ketimbang beli peracian overprice mending beli aci di abang-abang sama-sama aci tapi dengan kita beli mereka dan gak beli yang overprice kita bisa bantu mereka untuk hidup lebih lama,0
gabisa bayangin karna gue yg punya dari 2020 aja udh stres apalagi beban aplikasi yg dipake buat kuliah tuh gede2. akhirnya taun ini beli lagi,0
Kamu kayak tugas kuliah bikin stres tapi nggak bisa ditinggalin.,1
rektor tahun lalu korupsi semar night festival 2023 gagal feb nginjek leher anak fp pas porsema yang terbaru banyak mhs kehilangan helm &amp; motor dan gak ada tindakan dari pihak kampus,0
kalau aku ga kuliah pasti ga stres kaya gini kak gaada namanya ngelaprak sampe jam 4 pagi,1
fik gedungnya bagus dosennya baik puollll banyak cowok ganteng jd kl stres kuliah at least masi bisa menikmati pemandangan itu semua. apalagi liat pemandangan pagi² di kaca fik lantai 5,1
Bisa gak TL gue jangan lewat masalah SM muak nying udh tau SM babi gitu mndng langsung protes dan spam email syarat suka artis SM tuh jangan berharap apa² ke agensi karena mereka tai ke artisnya apalagi non korea,0
ini kalo kampusnya kampus ultramen gue ijin d.o dah banyak amat kasusnya anjir,0
Jadi ya aku bersyukur dulu kuliah HI walaupun tahun pertama rada stres karena harus belajar semua berbau IPS yang dulu aku sebel karena stereotipnya Tapi hari ini menyadari kalau apa yang dipelajari dari HI sangat insightful &amp; fruitful broadening the perspective ️,0
Gw berterima kasih banyak kepada lemari yg di kamar gw yg udh gw pukulin sampe pecah pas lgi stres kuliah. Tanpa lu kyknya gw dah mukul tembok,0
gasabar buat kuliah dan mengalami stres kuliah itu,0
Kmrn ngobrol2 sama temen kuliah lg catch up kehidupan Dri ngomongin kosan di jkt ke dunia kerja lanjut kuliah tiba2 pengen jd istri org aja nyari suger dedy atau nyari suami bule biar pindah negara Jgn main2 sm kehaluan org yg udh stres bekerja,0
